author,Publication Rate
Inka Regine Weingaertner,N/A
Jessica M. Esparza,N/A
Sreedevi Avasarala,N/A
Rounak Nassirpour,N/A
Jianuo Liu,0.11
Yang Wang,0.23
Elizabeth Ngoc Hoa Tran,N/A
Fabio Sallustio,0.31
Jia Ma,0.31
Yael Friedman-Levi,N/A
Yan Zhang,0.12
Zhongpu Chen,0.83
Akrem Abdulsid,N/A
Fang Liu,N/A
Jagannath Misra,N/A
Trent Fowler,N/A
Mojca Jez,N/A
Zhenni Zhang,N/A
Christophe Broca,N/A
Sylwia Flis,N/A
Takaharu Nakayoshi,N/A
Yuri Churin,N/A
Chuan Li,N/A
Gail Doughton,N/A
Liliana O. Rocha,N/A
Prabuddha Dey,N/A
Xiaomei Ge,N/A
Xudong Shi,N/A
Yushen Jiang,0.31
Ambrish Kumar,N/A
Bo Gao,N/A
Yang Liu,N/A
Manasa K. Nayak,N/A
Wasia Rizwani,N/A
Shiuan Wang,N/A
Apiruck Watthanasurorot,N/A
Dawn E. Watkins-Chow,N/A
Erica P. Homan,N/A
Natalia Lopez-del Hoyo,N/A
Cathleen D. Valentine,N/A
Shipan Dai,N/A
Vicente Ram�rez,N/A
Haitao Wei,N/A
Meleri Jones,N/A
Miti Jearaphunt,N/A
Niyas Kudukkil Pulloor,N/A
Verity G. Kew,N/A
Michelle Khai Khun Yap,N/A
Jianming Chen,N/A
Doblin Sandai,N/A
Anusha M. Gopalakrishnan,N/A
Christopher W. Cutler,N/A
Brenda A. Wilson,0.12
S. Jeyaseelan,0.21
Nobuo Okahashi,N/A
Stephanie Dahan,N/A
Laura W. Schrum,N/A
Sen Rong Yan,N/A
Peter L. W. Yun,N/A
Samithamby Jeyaseelan,0.21
Ellen J. Beswick,N/A
Catherine J. Hunter,N/A
Suleyman Felek,N/A
Paola Massari,0.18
Min-Hee Cho,0.28
Yuan Du,0.21
Eva Hervet,0.11
Asim A. Siddiqui,0.19
Balamayooran Theivanthiran,N/A
Javier Santander,0.10
Kaitlyn Morse,0.42
Wael Abdel Halim Hegazy,N/A
Yun Sun,0.31
Carlos J. Blondel,0.15
Kelei Zhao,N/A
Whitney M. Amyot,N/A
Xianqiong Zou,N/A
Xiucai Xu,N/A
Jiale Ma,2.00
N. Zhi,N/A
Michael Waters,N/A
Sou-Ichi Makino,N/A
Chung-ming Chu,N/A
Patrick C. Y. Woo,N/A
Wulamu Mamuti,N/A
Jean-Philippe Lavigne,N/A
Ana Mena,N/A
Henry E. Cerny,N/A
Suharni Mohamad,N/A
Adis Tasanarong,N/A
Anahita Rahmani,N/A
Gurbet Celik,N/A
Young-Man Lee,N/A
Chih-Zen Chang,N/A
Jaeson Santos Calla-Choque,N/A
Li Han,N/A
Silvana Lorena Della Penna,N/A
Mao-Lin Ho,N/A
Chao-Bin Yeh,N/A
Ying-Yi Chen,N/A
Chih-Yu Peng,N/A
Chiung-Chyi Shen,N/A
Li Li,N/A
Nabilatul Hani Mohd-Radzman,N/A
Zhiqiang Wang,N/A
Ya-min Zhang,N/A
Lilian Amrein,N/A
Gong Yang,N/A
Sujit K. Bhutia,N/A
Upal K. Basu Roy,N/A
Teresa Lorenzi,N/A
Jing Huang,N/A
Emanuela Rosati,N/A
Gayathri Chadalapaka,N/A
Baoyi Zhu,N/A
Jing Hu,N/A
R. van Gelderen,N/A
Robert P. Ryan,N/A
Laurent Guillon,N/A
Lei-Chin Chen,N/A
Isao Hara,N/A
Noritoshi Kitamoto,N/A
Kotla Siva Reddy,N/A
H. Liu,N/A
Sandrine Koechler,N/A
Scarlett R Holdsworth,N/A
Daniel C Kraushaar,N/A
Arumugam Nagalingam,N/A
Ingunn Holen,N/A
Meiou Dai,N/A
Yi Fang Lee,N/A
Zhaojia Wu,N/A
Alexandr V. Bazhin,N/A
Marina S. Savchenko,N/A
Stephana Carelli,N/A
Katherine M. Finan,N/A
Kang Fang,N/A
Shun-Dong Dai,N/A
Kazutoshi Komiya,N/A
Hakan Akca,0.20
Norimitsu Tanaka,N/A
Dusanka S. Skundric,N/A
Pascale Gerbaud,N/A
M. Sisto,0.17
Itshak Golan,N/A
Xiaoyan Xiao,0.19
Dana Ben-Ami Shor,N/A
Sawsan I. Kreydiyyeh,N/A
Ji-Yong Zhou,N/A
Sarine Markossian,N/A
Hwa-Jeong Lee,N/A
Maria de Lujan Alvarez,N/A
Marilena Galdiero,N/A
Sawsan Ibrahim Kreydiyyeh,N/A
Deok-Ho Song,N/A
Chung-Hsi Hsing,N/A
M. Hyzd�alov�,N/A
Taku Inokuchi,N/A
Zhao Huang,N/A
Aramati B.M. Reddy,N/A
Kumiko Goto,N/A
Surinder Safaya,N/A
Yanping Yang,N/A
Ari Kassardjian,N/A
Hong Yu,N/A
Markus Neumeier,N/A
Ping Chen,N/A
Ye Zeng,N/A
Yue Wang,N/A
Hong-Xia Wang,N/A
Muyao Li,N/A
Yong-Duk Park,N/A
Christina Galloway,N/A
Kyoung Sik Park (only one author),N/A
Bin-Bin Ni,N/A
Hui Li,N/A
Nitai C. Hait,N/A
Hulya Karatas,N/A
Hideki Sakahira,N/A
Timothy A. Chan,N/A
Morgan E. Carlson,N/A
Shidong Jia,N/A
Michael J. Wheeler,N/A
Corine Bertolotto,N/A
Feng Zhou,N/A
S Kale,N/A
CM Das,N/A
CC Jiang,N/A
Z Zhang,N/A
T-I Hsu,N/A
Emmanuel Dornier,N/A
HIROFUMI YAMAMOTO,N/A
BO LI,N/A
EUN YOUNG GIL,N/A
YUKI FUJISE,N/A
CHIACHEN CHEN,N/A
WEI YANG,N/A
MICHIYO YAMAMURA,N/A
TONI IBRAHIM,N/A
LI MA,N/A
Steffen Zender,N/A
Luke Martin McCaffrey,N/A
Lu Wang,N/A
Corentin Herbert,N/A
Janice D. Thomas,N/A
King Ching Ho,N/A
Nathalie Delgehyr,N/A
Rajesh K. Grover,N/A
Kevin Y. Lee,N/A
Shuyu Ren,N/A
Zhongyuan Wang,N/A
 Sarah Koutnik,N/A
 Hermann Ammer,N/A
 Eileen O�Toole,0.62
 Linya Li,N/A
 Thomas H. Giddings Jr.,N/A
 Benjamin Kozak,N/A
 Alison J. Albee,N/A
 Susan K. Dutcher,0.12
 Fangfang Zhang,0.33
 Guangliang Liu,N/A
 Ruixue Wang,0.42
 Steven D. London,0.14
 Lucille London,0.14
 Pramod P. Mehta,0.45
 Sangita M. Baxi,0.26
 Min-Jean Yin ,N/A
  Peng Xu,0.15
 Cory Collins,N/A
 Han Liu,0.28
 Jingdong Zhang,0.19
 James P. Keblesh,N/A
 Huangui Xiong,0.16
 Shijie Sheng,N/A
 Jianzhi Zhang,0.19
 Sijana Dzinic,N/A
 Shaolei Li,N/A
 Fang Fang,0.12
 Nan Wu,0.15
 Qingfeng Zheng,0.25
 Yue Yang,0.08
 Matthew Thomas Doyle,0.56
 Renato Morona,0.12
 Grazia Serino,0.42
 Vincenzo Costantino,N/A
 Claudia Curci,0.31
 Sharon N. Cox,0.29
 Giuseppe DePalma,0.17
 Francesco P. Schena,0.09
 Qing Zhang,0.10
 Sulian Chen,N/A
 Binbin Fang,N/A
 Qingling Yang,0.19
 Changjie Chen,1.33
 Lucio Miele,N/A
 Fazlul H. Sarkar,N/A
 Jun Xia,0.29
 Zhiwei Wang,0.25
 Michal Mizrahi,0.38
 Kati Frid,N/A
 Orli Binyamin,0.19
 Ruth Gabizon ,N/A
 Lei Shan,0.24
 Yaping Hua,N/A
 Dan Wang,0.08
 Huawu Zeng,0.25
 Runhui Liu,N/A
 Weidong Zhang,0.19
 Zhenlin Hu,N/A
 Xiaodong Pan,0.33
 Yuyu Yao,N/A
 Fengdi Yan,N/A
 Long Chen,0.02
 Rong Huang,0.13
 Genshan Ma,N/A
 Alexander Fletcher,0.28
 Fiona Lyall,N/A
 A. Jesse Gore,N/A
 Julie L. Wilson,N/A
 Murray Korc,0.11
 Dipanjan Chanda,0.26
 Don-Kyu Kim,0.25
 Seung-Rye Cho,N/A
 Seung-Hoi Koo,0.19
 Chul- Ho Lee,0.31
 Sung Hoon Back,N/A
 Hueng-Sik Choi,N/A
 Payel Ghatak,0.23
 David H. Price,0.10
 Ronald Conaway,N/A
 Joan Conaway,0.17
 Cheng-Ming Chiang,0.24
 James E. Bradner,N/A
 Ali Shilatifard,0.16
 Ananda L. Roy,0.13
 Sakthikumar Ambady,0.18
 Olga Kashpur,0.38
 Alexandra Grella,N/A
 Christopher Malcuit,N/A
 Lucy Vilner,N/A
 Primoz Rozman,0.19
 Tanja Dominko,0.17
 Jianrui Lv,N/A
 Xiaoming Lei,0.62
 Siyuan Li,0.42
 Yong Zhang,0.14
 Lihua Meng,N/A
 Rongliang Xue,N/A
 Zongfang Li,N/A
  Elodie Varin,0.42
 Mathieu Armanet,N/A
 C�cile Tourrel-Cuzin,N/A
 Domenico Bosco,0.14
  St�phane Dalle,N/A
 Anne Wojtusciszyn,0.28
 Agnieszka Gnyszka,N/A
 Krzysztof Flis,N/A
 Ken-ichiro Sasaki,N/A
 Hidemi Kajimoto,N/A
 Hiroshi Koiwaya,N/A
 Masanori Ohtsuka,N/A
 Takafumi Ueno,0.17
 Hidetoshi Chibana,N/A
 Naoki Itaya,N/A
 Masahiro Sasaki,0.20
 Shinji Yokoyama,N/A
 Yoshihiro Fukumoto,N/A
 Tsutomu Imaizumi,N/A
 Martin Roderfeld,N/A
 Johannes Stiefel,N/A
 Tilman Wu r_ ger,N/A
 Dirk Schro __ er,N/A
 Tomomitsu Matono,N/A
 Hans-Joachim Mollenkopf,0.17
 Roberta Montalbano,N/A
 Malvika Pompaiah,N/A
 Kurt Reifenberg5,N/A
 Daniel Zahner,N/A
 Matthias Ocker,N/A
 Wolfram Gerlich,N/A
 Dieter Glebe,N/A
 Elke Roeb,N/A
 Cheng Wang,N/A
 Lingxue Meng,N/A
 Jiewen Xing,N/A
 Tianya Wang,N/A
 Hua Yang,0.15
 Yingyin Yao,0.56
 Huiru Peng,N/A
 Zhaorong Hu,0.45
 Qixin Sun,N/A
 Zhongfu Ni,N/A
 Jun Wei,0.19
 Nicolas Tapon,0.19
 Melanie J. Welham,N/A
 Andrew D. Chalmers,N/A
 Sabina Moser Tralamazza,0.38
 Gabriela M. Reis,N/A
 Leon Rabinovitch,N/A
 Cynara B. Barbosa,N/A
 Benedito Corre_a,0.00
 Monami Chakraborty,N/A
 Maulik R. Kamdar,0.56
 Mrinal K. Maiti,0.18
 Yafei Zhang,0.14
 Sungwon Park,0.50
 Xiaofei Cong,0.42
 David E. Gerrard,N/A
 Honglin Jiang,N/A
 Daniel DiRenzo,N/A
 Lian-Wang Guo,0.18
 Sarah R. Franco,N/A
 Bowen Wang,0.62
 Stephen Seedial,0.42
 K. Craig Kent,N/A
 Tang Jiang,0.31
 Juan Ouyang,0.50
 Qingsong Zhou,0.26
 Yanlan Liang,N/A
 Yingpeng Cui,N/A
 Peisong Chen,2.50
 Bin Huang,0.16
 Daping Fan,0.24
 Donald J. DiPette,N/A
 Ugra S. Singh,N/A
 Qiang Huang,0.23
 Yan-Shui Lin,N/A
 Bo-Yuan Wei,N/A
 Yun-Shan Guo,N/A
 Zhen Sun,0.12
 Long Wang,0.36
 Jing Fan,0.10
 Hong-Yang Zhang,N/A
 Yue-Hu Han,N/A
 Xiao-Jie Li,N/A
 Jun Shi,0.19
 Jian Liu,0.08
 Liu Yang,0.13
 Zhuo-Jing Luo,N/A
 Yuanyuan Liu,0.28
 Chao Sun,0.24
 Lu Gan,0.08
 Luwei Zhang,1.25
 Aihong Mao,N/A
 Yuting Du,0.56
 Rong Zhou,0.17
 Hong Zhang,0.19
 Ayusman Dash,1.00
 Nitesh Singh,0.24
 Debabrata Dash,0.11
 Aneesa Fasim,0.31
 Deepshikha Sharma,0.33
 Divya J. Reddy,N/A
 Nabil A. M. Bin Omar,N/A
 Surya S. Singh,0.07
 Kai Li Tan,0.50
 Melina A. Agosto,N/A
 Bo Xiong,0.31
 Shinya Yamamoto,0.25
 Hector Sandoval,0.29
 Manish Jaiswal,0.31
 Vafa Bayat,N/A
 Ke Zhang,0.18
 Wu-Lin Charng,0.42
 Gabriela David,0.13
 Lita Duraine,N/A
 Kartik Venkatachalam,0.24
 Theodore G. Wensel,N/A
 Hugo J. Bellen,N/A
 Netnapa Saelee,N/A
 Amornrat Phongdara,N/A
 Sittiruk Roytrakul,N/A
 Pikul Jiravanichpaisal,N/A
 Kenneth So_derh�ll,N/A
 Irene S�derh�llGab,N/A
 Joanna Cooke,0.08
 Ruth Pidsley,0.42
 Andrew Edwards,0.04
 Rebecca Slotkin,N/A
 Karen E. Leeds,N/A
 Raymond Mullen,N/A
 Laura L. Baxter,0.28
 Thomas G. Campbell,0.26
 Marion C. Salzer,N/A
 Laura Biondini,N/A
 Gretchen Gibney,N/A
 Franc _oise Phan Dinh Tuy,N/A
 Jamel Chelly,N/A
 H. Douglas Morris,0.15
 Johannes Riegler,0.16
 Mark F. Lythgoe,N/A
 Ruth M. Arkell,N/A
 Fabrizio Loreni,0.14
 Jonathan Flint,0.12
 William J. Pavan,0.15
 David A. Keays,N/A
 Caressa Lietman,N/A
 Ingo Grafe,0.38
 Jennifer Lennington,N/A
 Roy Morello,0.20
 Dobrawa Napierala,0.21
 Ming-Ming Jiang,N/A
 Elda M. Munivez,N/A
 Brian Dawson,N/A
 Terry K. Bertin,N/A
 Yuqing Chen,0.50
 Rhonald Lua,0.28
 Olivier Lichtarge,0.19
 John Hicks,0.12
 Mary Ann Weis,N/A
 David Eyre,0.10
 Brendan H. L. Lee,1.00
 Santiago Lopez-Begines,N/A
 Jose Luis Rosa,0.04
 Jeannie Chen,0.16
 Ana Mendez,0.09
 Marc O. Anderson,N/A
 Feroz R. Papa,N/A
 Peter M. Haggie,N/A
 Murugesan V. S. Rajaram,N/A
 Heather M. Curry,N/A
 Rachel Leander,N/A
 Larry S. Schlesinger,0.12
  Ana L�pez,N/A
 Brigitte Mauch-Mani,0.15
 Ma Jos� Gil,N/A
 Pablo Vera_,0.10
 Song Wang,0.19
 Qinghuang Chen,N/A
 Yuhai Chen,N/A
 Xiaojuan Chi,0.62
 Lianfeng Zhang,N/A
 Shile Huang,0.16
 George F. Gao,N/A
 Ji-Long Chen,N/A
 Inga R. Dry,N/A
 Dan Frampton,0.80
 Manuraj Singh,N/A
 Ravinder K. Kanda,0.26
 Michael B. Yee,N/A
 Paul Kellam,0.16
 Michael Hollinshead,N/A
 Paul R. Kinchington,N/A
 Edel A. O�Toole,N/A
 Judith Breuer ,0.15
 Chadanat Noonin,0.42
 Pikul Jiravanichpaisal,N/A
 Seiko Nakamura,N/A
 Anchalee Tassanakajon,N/A
 Irene So_derh�ll,N/A
 Kenneth S�derh�llati,N/A
 Sajith Nair,N/A
 Aleksandar D. Kostic,0.45
 Pradeep Bist,0.22
 Jeremy D. Weaver,N/A
 Andrew M. Riley,N/A
 Richa Tyagi,0.23
 Pradeep D. Uchil,N/A
 John D. York,0.02
 Solomon H. Snyder,0.06
 Adolfo Garc�__a-Sastre,N/A
 Barry V. L. Potter,0.12
 Rongtuan Lin,0.16
 Stephen B. Shears,N/A
 Ramnik J. Xavier,N/A
 Manoj N. Krishnan,N/A
 Jinxiang Yuan,0.24
 Jeffery Meier,0.02
 Matthew B. Reeves,0.22
 Nget Hong Tan,0.11
 Si Mui Sim,0.10
 Shin Yee Fung,0.25
 Choo Hock Tan,0.45
 Julian I. Rood,N/A
 Bruce A. McClane,N/A
 Yin Zhikang,N/A
 Laura Selway,N/A
 David Stead,0.18
 Janet Walker,2.00
 Michelle D. Leach,N/A
 Iryna Bohovych,0.38
 Iuliana V. Ene,N/A
 Stavroula Kastora,0.50
 Susan Budge,0.12
 Carol A. Munro,0.11
 Frank C. Odds,N/A
 Neil A. R. Gow,N/A
 Alistair J. P. Brown,0.12
 Nirbhay Kumar,0.10
 Paul I. Eke,0.13
 Caroline A. Genco,N/A
 Thomas E. Van Dyke,N/A
 RolR. Arnold,N/A
 Virgilio G. Ponferrada,N/A
 Jefferson E. Vallence,N/A
 Mengfei Ho,N/A
 S.L. Hsuan,0.56
 M.S. Kannan,0.21
 B. Walcheck,0.16
 J.F. Wang,0.42
 M.E. Kehrli,N/A
 E.T. Lally,N/A
 G.C. Sieck,N/A
 S.K. Maheswaran,N/A
 R.E. Briggs,0.30
 P. Thumbikat,0.24
 Atsuo Sakurai,N/A
 Ichiro Nakagawa,N/A
 Taku Fujiwara,0.08
 Shigetada Kawabata,N/A
 Atsuo Amano,0.14
 Shigeyuki Hamada,0.08
 Guillaume Dalmasso,N/A
 Veronique Imbert,N/A
 Jean-Francois Peyron,N/A
 Patrick Rampal,0.10
 Dorota Czerucka,N/A
 Ian Marriott,0.17
 Betsy R. Butler,N/A
 Elaine K. Thomas,N/A
 Michael C. Hudson,N/A
 Kenneth L. Bost,0.10
 Gefei Qing,N/A
 David M. Byers,N/A
 Andrew W. Stadnyk,N/A
 Walla Al-Hertani,0.23
 Robert Bortolussi,0.10
 Arthur A. Decarlo,N/A
 Cheryl C. Chapple,0.17
 Neil Hunter,0.15
 Hong Wei Chu,0.29
 Scott K. Young,0.22
 Mason W. Freeman,N/A
 G. Scott Worthen,N/A
 Irina V. Pinchuk,N/A
 Kyle Minch,N/A
 Giovanni Suarez,N/A
 Johanna C. Sierra,N/A
 Yoshio Yamaoka,0.13
 Victor E. Reyes,0.13
 Monica Williams,0.29
 Mikael Petrosyan,N/A
 Yigit Guner,0.22
 Rahul Mittal,0.56
 Dennis Mock,0.50
 Jeffrey S. Upperman,0.15
 Henri R. Ford,N/A
 Nemani V. Prasadarao,N/A
 Eric S. Krukonis,N/A
 Jay Gunawardana,0.14
 Xiuping Liu,N/A
 Lee M. Wetzler,N/A
 Hae-Jeong Ahn,N/A
 Hyun-Joon Ha,0.14
 Jungchan Park,0.50
 Jeong-Hoon Chun,N/A
 Bong-Su Kim,N/A
 Hee-Bok Oh,N/A
 Gi-eun Rhie,N/A
 Tomomi Hashizume,N/A
 Tomoko Kurita-Ochiai,N/A
 Satoshi Yuzawa,0.31
 Yoshimitsu Abiko,N/A
 Masafumi Yamamoto,N/A
 Xavier Charpentier,0.24
 Anne Vianney,N/A
 Jean-Claude Lazzaroni,N/A
 Christophe Gilbert,0.08
 Daniele Atlan,0.20
 Patricia Doublet,0.17
 Jia Xainli,N/A
 Jesse Schloegel,N/A
 Lenore Carias,N/A
 Francis Ntumngia,0.28
 Menachem Shoham,0.10
 Joanne L. Casey,N/A
 Michael Foley,0.13
 John H. Adams,0.05
 Christopher L. King,N/A
 Sanjay Batra,0.04
 Gayathriy Balamayooran,N/A
 Shanshan Cai,N/A
 Koichi Kobayashi,0.02
 Richard A. Flavell,0.09
 Samithamby Jeyaseelan,0.21
 Greg Golden,0.16
 Soo-Young Wanda,N/A
 Roy Curtiss III,N/A
 Junzo Norimine,N/A
 Guy H. Palmer,N/A
 Eric L. Sutten,N/A
 Timothy V. Baszler,N/A
 Wendy C. Brown,N/A
 Xin Xu,0.20
 Leonid Metelitsa,N/A
 Michael Hensel,0.16
 Wen-Jiang Zheng,N/A
 Yong-Hua Hu,0.62
 Bo-Guang Sun,N/A
 Li Sun,0.28
 Juan C. Jime_nez,0.12
 Lorenzo E. Leiva,N/A
 Sergio A. �lvarez,0.16
 Bernardo I. Pinto,N/A
 Francisca Contreras,0.26
 David Pezoa,N/A
 Carlos A. Santiviago,0.20
 In�s Contrerasnd,N/A
 Xin Deng,0.31
 Chuan He,0.21
 Bisong Yue,N/A
 Min Wu,0.11
 Dennise deJesus,0.17
 Ralph R. Isberg ,N/A
 Brent S. Sorenson,N/A
 Karen F. Ross,N/A
 Mark C. Herzberg,N/A
 Tingting Liu,0.33
 Aimei Zhang,N/A
 Xingxing Huo,N/A
 Qingli Luo,N/A
 Zhaowu Chen,N/A
 Li Yu,0.09
 Qing Li,0.16
 Lili Liu,0.19
 Zhao-rong Lun,N/A
 Jilong Shen,N/A
 Yinli Bao,N/A
 Min Sun,0.17
 Wenyang Dong,0.62
 Zihao Pan,1.00
 Wei Zhang,0.15
 Chengping Lu,N/A
 Huochun Yao,N/A
 N. Ohashi,0.12
 Y. Rikihisa,0.11
 H. W. Horowitz,N/A
 G. P. Wormser,N/A
 K. Hechemy,N/A
 Amanda Savoie,0.45
 Helen S. Garmory,N/A
 Dawn Bueschel,N/A
 Michel R. Popoff,N/A
 J. Glenn Songer,N/A
 Richard W. Titball,N/A
 Mahfuzur R. Sarker,N/A
 Toru Tobe,N/A
 Hiroshi Asakura,0.22
 Masahisa Watarai,N/A
 Testuya Ikeda,0.26
 Koichi Takeshi,N/A
 Chihiro Sasakawa,0.06
 Patrick C. Y. Woo,N/A
 Ken T. K. Chong,N/A
 Wah-shing Leung,N/A
 Veronica L. Chan,N/A
 Kwok-yung Yuen,N/A
 Susanna K. P. Lau,N/A
 Beatrice H. L. Wong,N/A
 Kwok-Hung Chan,0.00
 Wai-Ting Hui,N/A
 Grace S. W. Kwan,N/A
 J. S. Malik Peiris,N/A
 Robert B. Couch,N/A
 Kwok-Yung Yuen,N/A
 Hiroshi Yamasaki,0.07
 Yasuhito Sako,N/A
 Minoru Nakao,N/A
 Ning Xiao,0.42
 Kazuhiro Nakaya,N/A
 Naoki Sato,0.25
 Dominique A. Vuitton,N/A
 Renaud Piarroux,0.17
 Marshall W. Lightowlers,N/A
 Philip S. Craig,N/A
 Akira Ito,0.16
 He_l�ne Marchandin,N/A
 Nicole Bouziges,N/A
 Albert SottoS,N/A
 Deepa Raju,N/A
 Virginia Plasencia,N/A
 Laura Garci_a,0.18
 Olga Hidalgo,0.11
 Jos� Ignacio Ayestar�n,N/A
 Sebasti�n Alberti,N/A
 Nuria Borrell,N/A
 Jos L. Prez,0.21
 Antonio OliverW. Li,N/A
 Douglas G. Rogers,N/A
 Jeffrey T. Gray,N/A
 David R. Smith,0.03
 Susanne Hinkley,N/A
 Norhaida Che Azmi,N/A
 Rahmah Noordin,0.16
 Supranee Kongkham,N/A
 Sookkasem Khositseth,N/A
 Danial Kheradmand,N/A
 Peyman Keyhanvar,0.36
 Alireza Shoae-Hassani,0.36
 Amir Darbandi-Azar,0.56
 Asli Semiz,0.28
 Serdar Karakurt,0.36
 Sevki Arslan,N/A
 Orhan Adali,0.13
 Alaattin Sen,0.16
 Q-Schick Auh,0.28
 Deok-Won Lee,N/A
 Jun-Yeol Kim,N/A
 Ha-Jin Jung,N/A
 Seung-Ho Lee,0.25
 Eun-Cheol Kim,N/A
 Shu-Chuan Wu,N/A
 Aij-Lie Kwan,N/A
 Elisa Elvira Figueroa-Angulo,N/A
 Leticia A_vila-Gonz�lez,N/A
 Rossana Arroyoi,0.14
 Yafeng Wang,0.71
 Xiaojuan Guo,N/A
 Yubing Zhou,0.31
 Jingmin Zhang,0.25
 Ning Wang,0.15
 Jinhua Jiang,0.13
 Fang Ma,0.36
 Qingduan Wang,N/A
 Gabriel Cao,N/A
 Andrea Carranza,0.23
 Elsa Zotta,0.22
 Susana Gorzalczany,N/A
 Carolina Susana Cerrudo,N/A
 Natalia Luci_a Rukavina Mikusic,N/A
 Alicia Correa,0.11
 Ver�nica Trida,N/A
 Jorge Eduardo Toblli,N/A
 Mar�a In�s Ros�n,N/A
 Belisario Enrique Fern�ndezlypep,N/A
 Yih-Shou Hsieh,N/A
 Jia-Yuh Chen,N/A
 Kuo-Shuen Chen,N/A
 Jia-Jing Chen,N/A
 Wu-Hsien Kuo,N/A
 Shu-Jiuan Lin,N/A
 Pei-Ni Chen,N/A
 Ming-Ju Hsieh,N/A
 Ming-Hsien Chien,N/A
 Pen-Yuan Lin,N/A
 Hui-Ling Chiou,N/A
 Shun-Fa Yang,0.24
 Fon-Chang Liu,N/A
 Pei-Yu Chou,0.23
 Yi-Chung Chien,N/A
 Wun-Shaing Wayne Chang,N/A
 Guang-Jhong Huang,N/A
 Chieh-Hsi Wu,0.45
 Ming-Jyh Sheu,N/A
 Hui-Wen Yang,0.36
 Yin-Hung Chu,N/A
 Yu-Chao Chang,0.17
 Ming-Yung Chou,N/A
 Kun-Tu Yeh,N/A
 Yueh-Min Lin,N/A
 Chiao-Wen Lin,N/A
 Yi-Chin Yang,N/A
 Ming-Tsang Chiao,N/A
 Shiuh-Chuan Chan,N/A
 Bai-Shuan Liu,N/A
 Ji-kun Du,N/A
 Li-yi Zou,N/A
 Tie Wu,0.19
 Yong-woo Lee,0.28
 Yong-ho Kim,0.36
 Wan Iryani Wan Ismail,0.25
 Siti Safura Jaapar,0.56
 Zainah Adam,0.25
 Aishah Adam,0.15
 Baofang Jin,N/A
 Xindong Zhang,1.00
 Yugui Cui,N/A
 Dalin Sun,N/A
 Chao Gao,0.33
 Hong Xu,0.19
 Hua Sun,0.31
 Su-hui Chen,N/A
 Fu-ming Wang,0.29
 May Shawi,N/A
 Jeremy Grenier,N/A
 Raquel Aloyz,0.17
 Lawrence Panasci,0.11
 Imelda Mercado-Uribe,N/A
 Asha S. Multani,N/A
 Subrata Sen,N/A
 Ie-Ming Shih,0.10
 Kwong-Kwok Wong,0.14
 David M. Gershenson,N/A
 Jinsong Liu,0.19
 Swadesh K. Das,0.02
 Belal Azab,0.42
 Mitchell E. Menezes,0.31
 Paul Dent,0.14
 Xiang-Yang Wang,N/A
 DevanSarkar,N/A
 Paul B. Fisher,N/A
 Rebecca S. Henkhaus,N/A
 Fotios Loupakis,0.11
 Chiara Cremolini,0.36
 Eugene W. Gerner,N/A
 Natalia A. Ignatenko,N/A
 Maria Lorenzi,0.38
 Emma Altobelli,0.18
 Daniela Marzioni,0.18
 Emanuela Mensa__,0.50
 Alexia Quaranta,N/A
 Francesca Paolinelli,N/A
 Manrico Morroni,N/A
 Roberta Mazzucchelli,0.20
 Antonio De Luca,0.08
 Antonio Domenico Procopio,0.12
 Alfonso Baldi,0.16
 Giovanni Muzzonigro,N/A
 Rodolfo Montironi,0.12
 Mario Castellucci,0.09
 Xianghua Ye,N/A
 Jian Guan,0.62
 Bin Chen,0.29
 Qisheng Li,0.29
 Xiaokang Zheng,0.71
 Laiyu Liu,N/A
 Shuang Wang,0.18
 Yanqing Ding,N/A
 Yi Ding,0.21
 Longhua Chen,N/A
 Rita Sabatini,N/A
 Filomena De Falco,N/A
 Beatrice Del Papa,N/A
 Franca Falzetti,N/A
 Mauro Di Ianni,0.19
 Laura Cavalli,0.17
 Katia Fettucciari,0.18
 Andrea Bartoli,0.45
 Isabella Screpanti,0.12
 Pierfrancesco Marconi,N/A
 Indira Jutooru,N/A
 Sandeep Sreevalsan,0.38
 Satya Pathi,N/A
 Kyounghyun Kim,0.21
 Candy Chen,N/A
 Lisa Crose,0.56
 Corinne Linardic,N/A
 Stephen Safe,0.08
 Xiaojuan Li,0.17
 Yuying Zhang,0.13
 Chunwei Ye,N/A
 Yu Wang,0.16
 Songwang Cai,N/A
 Huaiqiu Huang,N/A
 Yi Cai,0.33
 Shuyuan Yeh,N/A
 Zhenhua Huang,0.16
 Ruihan Chen,N/A
 Yiran Tao,N/A
 Xingqiao Wen,N/A
 Holly Deng,N/A
 Eileen A. Friedman,N/A
 J. Carson,0.11
 N. Gudkovs,N/A
 B. Nowak,0.19
 Jean Lucey,N/A
 Karen O�Donovan,N/A
 Yvonne McCarthy,0.26
 Liang Yang,0.16
 Tim Tolker-Nielsen,0.18
 J. Maxwell Dow,N/A
 Maher El Mecherki,N/A
 Stephan Altenburger,N/A
 Peter L. Graumann,N/A
 Isabelle J. Schalk,N/A
 Jung-Chi Chen,N/A
 Jwu-Ching Shu,N/A
 Chien-Yen Chen,N/A
 Ssu-Ching Chen,N/A
 Shu-Hwa Chen,N/A
 Chun-Yen Lin,0.18
 Chi-Yu Lu,N/A
 Chien-Cheng Chen,0.42
 Noriyuki Sato,0.16
 Hideaki Miyake,0.16
 Mototsugu Muramaki,N/A
 Satoko Hikosaka,N/A
 Sadao Kamidono,N/A
 Takayuki Kobayashi,0.31
 Yoji Kato,0.16
 Nobutaka Wakamiya,N/A
 Kazuyoshi Ikuta,N/A
 Tomoyuki Tanaka,0.16
 Shigeharu Ueda,N/A
 Hiroyuki Miyamoto,0.09
 Shiro Kato,N/A
 Dowlathabad. Muralidhar Rao,N/A
 Hosur Joyappa Dechamma,0.21
 Veluvarthy V.S. Suryanarayana,N/A
 Golla Ramalinga Reddy,N/A
 D. Gu,0.17
 L. Sheng,0.14
 Q. Wang,0.12
 Y. Zhang,N/A
 Jessica Cleiss-Arnold,N/A
 Caroline Proux,0.38
 Odile Sismeiro,N/A
 Marie-Agne_s Dillies,N/A
 Florence Goulhen-Chollet,N/A
 Florence Hommais,N/A
 Didier Li�vremont,N/A
 Florence Ars�ne-Ploetze,N/A
 Jean-Yves Copp�e,N/A
 Philippe N Bertin Gi,N/A
 Christopher J Law,0.25
 Wenfei Jin,0.38
 Alika Maunakea,0.21
 Brian Abraham,0.07
 Misook Ha,0.31
 Keji Zhao,0.17
 Jack L Arbiser,N/A
 Michael Y Bonner,0.31
 Neeraj K Saxena,N/A
 Dipali Sharma,0.06
 Jacob Whitworth,N/A
 Faith Nutter,N/A
 Alyson Evans,0.24
 Hannah K Brown,N/A
 Diane V Lefley,N/A
 Ivana Barbaric,0.31
 __Mark Jones,0.07
 Penelope D Ottewell,N/A
 Amal A Al-Odaini,N/A
 Ani Arakelian,N/A
 Shafaat A Rabbani,0.13
 Suhad Ali,0.15
 Jean-Jacques Lebrun,N/A
 Lance David Miller,0.19
 Xiu Bin Chan,N/A
 Michael A Black,0.15
 Brendan Pang,N/A
 Chee Wee Ong,0.36
 Manuel Salto-Tellez,N/A
 Edison T Liu,N/A
 Kartiki V Desai,0.20
 Nade_ge Fils-Aim�,N/A
 Manuel A Villatoro,N/A
 Jimin Guo,0.31
Jean Jacques Lebrunn,N/A
 Siqi Shen,0.38
 Zhiling Zhang,0.29
 Weiwei Zhang,0.14
 Wei Xiao,0.19
 Olga N. Shifrina,N/A
 Marina S. Savchenko,N/A
 Natalya K. Tikhomirova,N/A
 Maria A. Goncharskaia,N/A
 Vera A. Gorbunova,N/A
 Ivan I. Senin,N/A
 Alexandr G. Chuchalin,N/A
 Pavel P. Philippov,0.50
 Alexandr V. Bazhin,N/A
 Sofia A. Demoura,N/A
 Eugenia A. Kogan,N/A
 Giorgia Zadra,0.26
 Valentina Vaira,0.31
 Monica Falleni,N/A
 Luca Bottiglieri,N/A
 Mario Nosotti,N/A
 Anna Maria Di Giulio,N/A
 Alfredo Gorio,N/A
 Silvano Bosari,0.13
 Greg Hodge,N/A
 Ann M. Reynolds,N/A
 Sandra Hodge,0.21
 Mark D. Holmes,0.11
 Andrew H. Baker,N/A
 Paul N. Reynolds,0.23
 Shih-Ping Chen,N/A
 Chia-Wei Lin,0.18
 Wan-Chun Cheng,0.62
 Hwei-Tien Huang,N/A
 Yan Wang,0.23
 Gui-Yang Jiang,N/A
 Peng-Xin Zhang,N/A
 Xin-Jun Dong,N/A
 Qiang Wei,0.36
 Hong-Tao Xu,0.28
 Qing-Chang Li,N/A
 Chen Zhao,0.24
 En-Hua Wang,N/A
 Naoko Sueoka-Aragane,N/A
 Akemi Sato,0.08
 Takashi Hisatomi,0.33
 Toru Sakuragi,N/A
 Masahiro Mitsuoka,N/A
 Toshimi Sato,0.14
 Shinichiro Hayashi,N/A
 Hiroto Izumi,N/A
 Makoto Tsuneoka,N/A
 Eisaburo Sueoka,N/A
 Aydin Demiray,N/A
 Onur Tokgun,0.28
 Jun Yokota,N/A
 Shinichi Toyooka,N/A
 Junichi Soh,0.24
 Takafumi Kubo,N/A
 Hiromasa Yamamoto,N/A
 Yuho Maki,N/A
 Takayuki Muraoka,N/A
 Kazuhiko Shien,N/A
 Masashi Furukawa,0.22
 Tsuyoshi Ueno,N/A
 Hiroaki Asano,N/A
 Kazunori Tsukuda,0.19
 Keisuke Aoe,N/A
 Shinichiro Miyoshi,N/A
 Weili Zhou,0.33
 William W. Cruikshank,N/A
 Rujuan Dai,N/A
 Lo�c Petzold,N/A
 Patrice Therond,N/A
 Wayne B. Anderson,N/A
 Daniele Evain-Brion,N/A
 Francoise Raynaud,N/A
 S. Lisi,0.20
 D. Castellana,0.26
 P. Scagliusi,N/A
 M. D'Amore,0.45
 S. Caprio,0.42
 A. Scagliusi,0.38
 A. Acquafredda,N/A
 M.A. Panaro,0.16
 V. Mitolo,N/A
 Shlomo Nedvetzki,N/A
 Ira Golan,N/A
 Lora Eshkar-Sebban,N/A
 David Levartovsky,N/A
 Ori Elkayam,N/A
 Dan Caspi,0.28
 Suhail Aamar,N/A
 Howard Amital,N/A
 Alan Rubinow,N/A
 David Naor,0.03
 Bin Ma,0.21
 Baojun Dong,N/A
 Peng Zhao,0.31
 Ningwen Tai,0.24
 Li Chen,0.07
 F. Susan Wong,0.18
 Li Wen,0.10
 Miri Blank,N/A
 Sandra Reuter,0.50
 Torsten Matthias,N/A
 Inbal Beiglass,N/A
 Alexander Volkov,0.10
 Iris Barshack,N/A
 Yehuda Shoenfeld,0.10
 Christina Abou-Chahine,N/A
 Randa Hilal-Dandan ,N/A
 Ji-Gang Chen,N/A
 Jin-Yong Wang,N/A
 Jian-Xiang Wu,N/A
 Hui Gong,0.17
 Sawsan Ibrahim Kreydiyyeh,N/A
 Jin-Woo Cho,1.00
 Sang-Cheol Kim,0.28
 Kyung-Hwa Kang,N/A
 Sun-Kyung Lee,1.33
 Sung-Hee Pi,N/A
 Suk-Keun Lee,N/A
 Eun-Cheol Kim,N/A
 Ariel D. Quiroga,N/A
 Mar�a Teresa Ronco,N/A
 Juan Pablo Parody,N/A
 J. Elena Ochoa,N/A
 Juan A. Monti,N/A
 Cristina E. Carnovale,N/A
 Mar�a Cristina Carrillo ,N/A
 Mariateresa Vitiello,N/A
 Marina D�Isanto,0.23
 Katia Raieta,N/A
 Emilia Galdiero,0.14
 Sarine Markossian ,N/A
 Ji-Houn Kang,N/A
 Geun-Shik Lee,0.21
 Eui-Bae Jeung,0.17
 Mhan-Pyo Yang ,N/A
 Hsing-Hui Li,N/A
 Yu-Hsiang Hsu,0.02
 Chung-Liang Ho,N/A
 Shih-Sung Chuang,N/A
 Kuo-Mao Lan,N/A
 Ming-Shi Chang,N/A
 J. Hofmanov�,N/A
 J. Pachern�k,N/A
 A. Vaculov�,N/A
 A. Kozub�keSung,N/A
 Tuneyoshi Ka,N/A
 Asako Yamamoto,N/A
 Yuji Moriwaki,N/A
 Sumio Takahashi,N/A
 Zenta Tsutsumi,N/A
 Daisuke Tamada,0.28
 Tetsuya Yamamoto,0.05
 Qiong Wen,N/A
 Shu-Feng Zhou,N/A
 Xue-Qing Yu,N/A
 Satish K. Srivastava,N/A
 Kota V. Ramana,N/A
 Yoshihiko Chiba,0.20
 Miwa Misawa,N/A
 Elizabeth S. Klings,N/A
 Adam Odhiambo,N/A
 Guihua Li,N/A
 Harrison W. Farber,N/A
 Martin H. Steinberg,0.10
 Ying Xu,0.14
 Wei Li,0.24
 Guanjun Wang,N/A
 Yanqiu Song,N/A
 Guozi Yang,N/A
 Xue Han,0.28
 Zhonghua Du,1.00
 Luguo Sun,N/A
 Kewei Ma,N/A
 Zeina Dakroub,N/A
 Ola El Zein,0.42
 Yuhao Sun,0.08
 Courtney Haycraft,N/A
 Viswanathan Palanisamy,0.14
 Keith L. Kirkwood,N/A
 Sabrina Bauer,N/A
 Hilke Bru_hl,N/A
 Kristina Eisinger,N/A
 Andrea Kopp,1.67
 Sabine Abke,N/A
 RolWalter,N/A
 Andreas Sch�ffler,N/A
 Christa Buechler n,N/A
 Liya Huang,N/A
 Yunwei Sun,0.15
 Yaozong Yuan,N/A
 Hu-Rong Sun,N/A
 Chang Yu,0.36
 Yi Lai,0.19
 Xiao-Jing Liu,N/A
 Jiang Wu,0.00
 Huai-Qing Chen,N/A
 Xiao-Heng Liu,N/A
 Ye Qu,0.50
 Xiu Long Niu,N/A
 Wei Jia Sun,0.83
 Xiao Lei Zhang,0.50
 Ling Zhi Li,0.31
 Dong-Mei Zhang,N/A
 Xiang-Jun Zeng,N/A
 Jing Mu,1.33
 Hui Yang,0.23
 Ling-Qiao Lu,N/A
 Li-Ke Zhang,N/A
 Mickey E. Gunter,N/A
 Naomi K. Fukagawa,0.13
 Young-Suk Kim,0.17
 Yu-Mi Jung,0.38
 Sang-Im Lee,0.45
 Young-Man Lee,N/A
 Jae-Beum Bang,N/A
 Munmun Chattopadhyay ,0.20
 Bo Li,0.16
 Yue-Hua Yang,N/A
 Jiang-Wei Chen,N/A
 Ke Chen,0.10
 Sheng-Dan Jiang,N/A
 Lei-Sheng Jiang ,N/A
 Jinglan Wang,1.25
 Gil Mor,0.19
 Jeffrey Sklar,N/A
 Jeremy Allegood,N/A
 Michael Maceyka,N/A
 Graham M. Strub,N/A
 Kuzhuvelil B. Harikumar,N/A
 Sandeep K. Singh,0.08
 Cheng Luo,0.14
 Ronen Marmorstein,0.14
 Tomasz Kordula,0.16
 Sheldon Milstien,N/A
 Sarah Spiegel,0.12
 Sefik Evren Erdener,0.42
 Yasemin Gursoy-Ozdemir,0.22
 Sevda Lule,0.42
 Emine Eren-Koc_ak,N/A
 Z�mr�t Duygu Sen,N/A
 Turgay Dalkaraen,N/A
 Masato Enari,N/A
  Shigekazu Nagata,0.10
 Heiko Hermeking,N/A
 Christoph Lengauer,N/A
 Kenneth W. Kinzler,N/A
  Bert Vogelstein,0.11
 Michael Hsu,0.15
  Irina M. Conboy,0.18
 Zhenning Liu,0.75
 Sen Zhang,0.13
 Pixu Liu,N/A
 Lei Zhang,0.22
 Sang Hyun Lee,0.16
 Jing Zhang,0.12
 Sabina Signoretti,0.19
 Massimo Loda,0.16
 Thomas M. Roberts,0.15
  Jean J. Zhao,N/A
 Barend H. J. de Graaf,N/A
 Natalie Hadjiosif,N/A
 Ruth M. Perry,N/A
 Natalie S. Poulter,0.33
 Kim Osman,N/A
 Sabina Vatovec,N/A
 Andrea Harper,0.03
 F. Christopher H. Franklin,0.11
  Vernonica E. Franklin-Tong,0.15
 Fabienne Lesueur,0.50
 Sandy Giuliano,N/A
 Thomas Strub,0.45
 Mahaut de Lichy,N/A
 Karine Bille,N/A
 Philippe Dessen,N/A
 many others,0.07
 Qibing Lin,1.00
 Lihong Zhu,N/A
 Yulong Ren,N/A
 Kunneng Zhou,N/A
 Nitzan Shabek,0.29
 Fuqing Wu,0.42
 Haibin Mao,N/A
 Wei Dong,0.33
 Lu Gan,0.08
 Weiwei Ma,0.50
 He Gao,0.83
 Jun Chen,0.19
 Chao Yang,0.15
 Dan Wang,0.08
 Junjie Tan,0.56
 Xin Zhang,0.31
 Xiuping Guo,N/A
 Jiulin Wang,0.24
 Ling Jiang,0.45
 Xi Liu,0.38
 Weiqi Chen,0.71
 Jinfang Chu,N/A
 Cunyu Yan,0.26
 Kotomi Ueno,N/A
 Shinsaku Ito,0.29
 Tadao Asami,0.09
 Zhijun Cheng,0.36
 Jie Wang,0.19
 Cailin Lei,N/A
 Huqu Zhai,N/A
 Chuanyin Wu,N/A
 Haiyang Wang,0.24
 Ning Zheng,0.17
 Jianmin Wan,0.16
 R Raja,0.20
 D Thorat,0.10
 G Soundararajan,0.29
 TV Patil GC Kundu,N/A
 P Taylor,0.04
 M Gireud,0.19
 A Singh,0.07
 D Lee,0.13
 G Fuller,0.10
 L Ji,0.08
 J Fangusaro,0.28
 V Rajaram,0.31
 S Goldman,0.11
 C Eberhart,0.24
 V Gopalakrishnan,0.56
 A Croft,0.17
 H-Y Tseng,0.83
 ST Guo,0.12
 L Jin,0.15
 P Hersey,0.10
 XD Zhang,0.10
 X Liu,0.18
 B Feng,0.14
 N Liu,0.14
 Q Wu,0.02
 Y Han,0.14
 Y Nie,0.17
 K Wu,0.06
 Y Shi,0.06
 D Fan,0.24
 S-C Lin,0.16
 P-S Lu,0.50
 W-C Chang,0.19
 C-Y Hung,0.16
 Y-M Yeh,0.24
 W-C Su,0.21
 P-C Liao,0.18
 J-J Hung,N/A
 Franck Coumailleau,N/A
 Jean-Franc_ois Ottavi,N/A
 Julien Moretti,0.42
 Claude Boucheix,N/A
 Philippe Mauduit,N/A
 Fran�ois Schweisguth,N/A
 Eric Rubinstein 1,N/A
 RYOTA OSHIRO,N/A
 MASAHISA OHTSUKA,N/A
 MAMORU UEMURA,N/A
 NAOTSUGU HARAGUCHI,N/A
 JUNICHI NISHIMURA,0.38
 ICHIRO TAKEMASA,N/A
 TSUNEKAZU MIZUSHIMA,0.14
 YUICHIRO DOKI MASAKI MORI,N/A
 YUEHUA YANG,1.00
 SHENGDAN JIANG,N/A
 BINBIN NI,0.24
 KE CHEN,0.10
 LEISHENG JIANG,N/A
 UK HYUN JO,N/A
 HOISEON JEONG,N/A
 YOUNG MI WHANG,N/A
 OK HEE WOO,N/A
 KYU RAN CHO,0.24
 JAE HONG SEO,0.38
 AEREE KIM,0.25
 EUN SOOK LEE,0.83
 INSONG KOH,N/A
 YEUL HONG KIM,N/A
 KYONG HWA PARK,N/A
 JUN-ICHI OKANO,0.29
 TAKAKAZU NAGAHARA,N/A
 RYO ABE,N/A
 RYU IMAMOTO,N/A
 YOSHIKAZU MURAWAKI,N/A
 YUAN-CHING CHANG,N/A
 MICHAEL S. LAN,N/A
 MARY BRESLIN,N/A
 XIAOYUAN WANG,0.83
 WEI ZHENG,0.15
 KEDONG LI,N/A
 HAOFENG LIU,2.50
 YUEMING SUN,0.50
 KAZUMA NOGUCHI,N/A
 YOSHIRO NAKANO,0.10
 EMI SEGAWA,N/A
 YUSUKE ZUSHI,N/A
 KAZUKI TAKAOKA,N/A
 HIROMITSU KISHIMOTO,N/A
 TOMOKO HASHIMOTO-TAMAOKI,N/A
 MASAHIRO URADE,N/A
 CHIARA LIVERANI,N/A
 LAURA MERCATALI,N/A
 EMANUELE SACANNA,0.50
 MICHELE ZANONI,0.50
 FRANCESCO FABBRI,0.09
 WAINER ZOLI,N/A
 DINO AMADORI,0.38
 YUEPING LIU,N/A
 CUIZHI GENG,N/A
 XIAOWEI QI,0.38
 JUN JIANG,0.56
 Irina Nickeleit,N/A
 Torsten Wuestefeld,0.22
 Inga So _rensen,N/A
 Daniel Dauch,0.45
 Przemyslaw Bozko,0.21
 Mona El-Khatib,0.38
 Robert Geffers,0.23
 Hueseyin Bektas,0.42
 Michael P. Manns,N/A
 Achim Gossler,N/A
 Ludwig Wilkens,N/A
 Ruben Plentz,N/A
 Lars Zender,0.22
 Nisar P. Malek,N/A
 JoAnne Montalbano,N/A
 Constantina Mihai,N/A
 Ian G. Macara,N/A
 Zibo Zhao,0.56
 Mark B. Meyer,0.24
 Sandeep Saha,0.36
 Menggang Yu,0.13
 Ailan Guo,N/A
 Kari B. Wisinski,N/A
 Wei Huang,N/A
 Weibo Cai,0.25
 J. Wesley Pike,N/A
 Ming Yuan,0.17
 Paul Ahlquist,N/A
 Wei Xu,0.23
 Ulrich Schieborr,N/A
 Krishna Saxena,0.12
 Jarek Juraszek,N/A
 Frederik De Smet,0.28
 Chantal Alcouffe,N/A
 Marc Bianciotto,N/A
 Giorgio Saladino,0.33
 David Sibrac,N/A
 Denis Kudlinzki,N/A
 Sridhar Sreeramulu,N/A
 Alan Brown,0.12
 Patrice Rigon,N/A
 Jean-Pascal Herault,N/A
 Gilbert Lassalle,0.08
1 Tom L. Blundell,N/A
 Frederic Rousseau,0.18
 Ann Gils,0.12
 Joost Schymkowitz,N/A
 Peter Tompa,0.14
 Jean-Marc Herbert,N/A
 Peter Carmeliet,0.13
 Francesco Luigi Gervasio,0.21
 Harald Schwalbe,0.17
 Francoise Bono,N/A
 Yan-Jie Zhang,N/A
 Yue-Hua Wei,N/A
 Jun-Hung Cho,N/A
 Laura E. Morris,N/A
 Hui-Yun Wang,N/A
 X.F. Steven Zheng,N/A
 Zhonghua Zhou,0.21
 Yi-Min She,N/A
 Alex Chun,0.24
 Terry D. Cyr,0.10
 Xiaolong Yang,0.19
 Uta Wieland,N/A
 He_l�ne Rangone,N/A
 Xavier Pinson,N/A
 Guojie Mao,N/A
 Nikola S. Dzhindzhev,N/A
 Doris McLean,N/A
5,0.07
 Maria G. Riparbelli,N/A
 Salud Llamazares,N/A
 Giuliano Callaini,N/A
 Cayetano Gonzalez,0.00
 David M. GloverR,0.10
 Julong Cheng,N/A
 Yingjie Peng,0.33
 Teresa M. Jones,N/A
 Diana I. Ruiz,0.25
 Richard J. Ulevitch,N/A
 John I. Glass,N/A
 Edward A. Dennis,N/A
 Daniel R. Salomon,N/A
 Richard A. Lerner,N/A
 Yuji Yamamoto,0.19
 Jeremie Boucher,0.23
 Jonathon N. Winnay,N/A
 Stephane Gesta,N/A
 John Cobb,0.17
 Matthias Blu_her,N/A
 C. Ronald Kahn,0.09
 Bryce G. Johnson,N/A
 Yujiro Kida,N/A
 Colin Ip,N/A
 Kathryn C. Davidson,N/A
 Shuei-Liong Lin,0.19
 Akio Kobayashi,0.23
 Richard A. Lang,0.14
 Anna-Katerina Hadjantonakis,0.19
 Randall T. Moon,0.11
 Jeremy S. Duffield,N/A
 Yanping Wu,1.67
 Haifeng Wang,0.15
 Yangqing Zhang,0.14
 Lin Mei,0.16
 Xuexun Fang,N/A
 Xudong Zhang,0.16
 Fang Zhang,0.16
 Hongbo Chen,0.83
 Ying Liu,0.17
 Yuyang Jiang,N/A
 Shengnan Sun,0.42
 Yi Zheng,0.16
 Na Li,0.38
 Laiqiang Huang,N/A
